Workbook

Sheet Portada
A1: ANEXO A — AUDITORÍA DE CALIDAD DEL ERS
A2: Práctica Experimental 5 · Unidad V · Ingeniería de Requerimientos (ISR-401) · UTEQ
A4: Documento auditado | B4: ERS/SRS del SIMPA, versión 1.1
A5: Sistema | B5: SIMPA — Sistema Inteligente de Mantenimiento de Palma Africana
A6: Equipo | B6: AHMRV — Paralelo 4to "A"
A7: Modelo de calidad | B7: ISO/IEC 25010:2023 e ISO/IEC/IEEE 29148:2018
A8: Fecha de la auditoría | B8: 2026-08-17
A9: Responsable de la auditoría | B9: Rizzo Vélez Edson Nagib — Verificador
A10: Valoración ponderada | B10: =Valoracion!D11
A12: CONTENIDO DEL LIBRO
A13: Conteos_base | B13: Denominadores de todas las métricas, con el patrón de conteo de cada uno
A14: Auditoria | B14: Las diez métricas con fórmula viva, valor de referencia y veredicto
A15: Antes_despues | B15: Comparación con el estado previo a las acciones de mejora
A16: Reinspeccion_M6 | B16: Los siete defectos residuales que fijan el numerador de M6
A17: Muestra_M5 | B17: Los cinco requisitos de la muestra de modificabilidad
A18: Valoracion | B18: Ponderación por peso y nivel; produce el 3,70 sobre 4,00
A20: LEYENDA DE COLORES
A21: ■ | B21: Azul: conteo base introducido a mano (verificable sobre las fuentes)
A22: ■ | B22: Negro: valor calculado por fórmula
A23: ■ | B23: Verde: enlace a otra hoja de este libro
A25: Todos los conteos base se obtuvieron por análisis programático de las fuentes LaTeX del ERS, no por lectura manual. El patrón de conteo de cada uno se declara en la hoja Conteos_base, de modo que cualquier evaluador pueda reproducir el número. Las métricas de esta hoja son fórmulas vivas: si un conteo base cambia, la métrica se recalcula.

Sheet Conteos_base
A1: CONTEOS BASE DE LA AUDITORÍA
A2: Denominadores de las métricas. Obtenidos por análisis programático de las fuentes LaTeX del ERS.
A4: Clave | B4: Concepto | C4: Valor | D4: Patrón de conteo / procedencia
A5: RF | B5: Requisitos funcionales | C5: 42 | D5: Macros \RF{} al inicio de línea en ERS_SRS_2A.tex
A6: RNF | B6: Requisitos no funcionales | C6: 19 | D6: Filas RNF-XX de la Tabla 49 del ERS
A7: TOTAL | B7: Total auditado (RF + RNF) | C7: =C5+C6 | D7: Suma de los dos anteriores
A8: MUST | B8: Requisitos funcionales Must | C8: 24 | D8: Fichas de la §3.2 con prioridad MoSCoW = Must
A9: CU_ID | B9: Casos de uso identificados | C9: 18 | D9: Referencias CU-XX en el diagrama general y la matriz
A10: CU_ESP | B10: Casos de uso especificados | C10: 18 | D10: Tablas con \caption{CU-XX} en el ERS
A11: ACT | B11: Clases de usuario (actores) | C11: 6 | D11: Tabla de clases de usuario de la §2.3
A12: ACT_RF | B12: Clases de usuario con ≥1 RF asociado | C12: 6 | D12: Cruce de la §2.3 con la columna Actor de la §3.2
A13: ATR_OK | B13: Requisitos con los 4 atributos completos | C13: =C7 | D13: Fichas sin campo vacío tras RES-04
A14: CA | B14: Criterios de aceptación CA-XX | C14: 24 | D14: Identificadores CA-XX únicos en las fuentes
A15: CB | B15: Criterios de aceptación CB-XX (BDD) | C15: 37 | D15: Identificadores CB-XX únicos en el Apéndice F
A16: BDD | B16: Requisitos con criterio BDD | C16: =C14+C15 | D16: Suma de CA y CB
A17: MUST_BDD | B17: Requisitos Must con criterio BDD | C17: =C8 | D17: Los 24 Must tienen criterio tras RES-06
A18: TR | B18: Filas de la matriz de trazabilidad | C18: 73 | D18: TR-01 a TR-73 en matriz_e2e.xlsx
A19: RF_ADE | B19: RF con cadena de trazabilidad completa | C19: =C5 | D19: RF → CU → Clase → Proceso → BDD → CP
A20: RF_ATR | B20: RF con fuente identificada | C20: =C5 | D20: Columna Fuente (EV-XX) de la ficha
A21: PARES | B21: Pares de requisitos analizados en M2 | C21: 210 | D21: Pares del mismo bloque funcional o con almacén común
A22: CONF | B22: Conflictos de consistencia detectados | C22: 2 | D22: Registrados y cerrados en la §5 del informe
A23: DEF_RES | B23: Defectos residuales de la re-inspección | C23: =Reinspeccion_M6!B12 | D23: Hoja Reinspeccion_M6
A24: M5_SUM | B24: Suma de requisitos afectados (muestra M5) | C24: =Muestra_M5!C10 | D24: Hoja Muestra_M5
A25: M5_N | B25: Tamaño de la muestra de M5 | C25: =Muestra_M5!B10 | D25: Hoja Muestra_M5
A27: Los valores en azul son los únicos introducidos a mano. Cada uno es reproducible con el patrón declarado en la última columna: es la condición para que la métrica sea una medición y no una opinión con decimales.

Sheet Auditoria
A1: AUDITORÍA DE CALIDAD DEL ERS FINAL
A2: Diez métricas derivadas de ISO/IEC 25010:2023 e ISO/IEC/IEEE 29148:2018. La columna Valor es una fórmula sobre la hoja Conteos_base.
A4: Métrica | B4: Característica ISO 25010 | C4: Fórmula declarada | D4: Numerador | E4: Denominador | F4: Valor | G4: Referencia | H4: Cumple
A5: M1a Completitud de atributos | B5: Adecuación funcional | C5: requisitos con los 4 atributos / requisitos | D5: =Conteos_base!C13 | E5: =Conteos_base!C7 | F5: =D5/E5 | G5: 0.95 | H5: =IF(F5>=G5,"Sí","No")
A6: M1b Especificación de casos de uso | B6: Adecuación funcional | C6: CU especificados / CU identificados | D6: =Conteos_base!C10 | E6: =Conteos_base!C9 | F6: =D6/E6 | G6: 1 | H6: =IF(F6>=G6,"Sí","No")
A7: M1c Cobertura de actores | B7: Adecuación funcional | C7: actores con ≥1 RF / actores | D7: =Conteos_base!C12 | E7: =Conteos_base!C11 | F7: =D7/E7 | G7: 1 | H7: =IF(F7>=G7,"Sí","No")
A8: M2 Consistencia | B8: Adecuación funcional | C8: 1 − conflictos / pares analizados | D8: =Conteos_base!C22 | E8: =Conteos_base!C21 | F8: =1-D8/E8 | G8: 0.98 | H8: =IF(F8>=G8,"Sí","No")
A9: M3 Verificabilidad | B9: Mantenibilidad (analizabilidad) | C9: requisitos con criterio BDD / requisitos | D9: =Conteos_base!C16 | E9: =Conteos_base!C7 | F9: =D9/E9 | G9: 0.9 | H9: =IF(F9>=G9,"Sí","No")
A10: M3b Verificabilidad en Must | B10: Mantenibilidad (analizabilidad) | C10: Must con criterio BDD / Must | D10: =Conteos_base!C17 | E10: =Conteos_base!C8 | F10: =D10/E10 | G10: 1 | H10: =IF(F10>=G10,"Sí","No")
A11: M4ade Trazabilidad adelante | B11: Mantenibilidad (modificabilidad) | C11: RF con cadena completa / RF | D11: =Conteos_base!C19 | E11: =Conteos_base!C5 | F11: =D11/E11 | G11: 0.9 | H11: =IF(F11>=G11,"Sí","No")
A12: M4atr Trazabilidad atrás | B12: Mantenibilidad (modificabilidad) | C12: RF con fuente / RF | D12: =Conteos_base!C20 | E12: =Conteos_base!C5 | F12: =D12/E12 | G12: 1 | H12: =IF(F12>=G12,"Sí","No")
A13: M5 Modificabilidad | B13: Mantenibilidad (modificabilidad) | C13: Σ requisitos afectados / muestra | D13: =Conteos_base!C24 | E13: =Conteos_base!C25 | F13: =D13/E13 | G13: 3 | H13: =IF(F13<=G13,"Sí","No")
A14: M6 Corrección | B14: Fiabilidad (madurez) | C14: defectos residuales / requisitos | D14: =Conteos_base!C23 | E14: =Conteos_base!C7 | F14: =D14/E14 | G14: 0.05 | H14: =IF(F14<=G14,"Sí","No")
A16: M6 es la única que no cumple, y la única cuya corrección no depende de actuar sobre el documento: mide qué proporción de defectos escapó a la inspección de la Unidad IV. Los siete están corregidos, pero corregirlos no altera el numerador, porque el numerador es un hecho sobre la eficacia de aquella inspección y no sobre el estado actual del ERS. La acción correctiva registrada es de proceso, no de producto, y consta como elemento S2 de la retrospectiva.
A21: Sobre el denominador de M2: los 61 requisitos producen 1.830 pares posibles. Compararlos todos habría dado un denominador que hace tender la métrica a uno por construcción. Se analizaron los 210 pares que pertenecen al mismo bloque funcional o comparten almacén de datos, que son los que pueden contradecirse. Un 0,990 sobre 1.830 pares y un 0,990 sobre 210 no son la misma afirmación.

Sheet Antes_despues
A1: MÉTRICAS ANTES Y DESPUÉS DE LAS ACCIONES DE MEJORA
A2: La columna Después enlaza con la hoja Auditoria. La columna Antes es el valor medido sobre el ERS v1.1 publicado en la PE4.
A4: Métrica | B4: Antes | C4: Después | D4: Referencia | E4: Δ | F4: Acción aplicada
A5: M1a Completitud | B5: 0.984 | C5: =Auditoria!F5 | D5: =Auditoria!G5 | E5: =C5-B5 | F5: RES-04: se clasificó RNF-19 en el Apéndice C
A6: M1b Casos de uso | B6: 0.556 | C6: =Auditoria!F6 | D6: =Auditoria!G6 | E6: =C6-B6 | F6: RES-05: se especificaron CU-11 a CU-18
A7: M1c Actores | B7: 0.75 | C7: =Auditoria!F7 | D7: =Auditoria!G7 | E7: =C7-B7 | F7: RES-07: reconteo tras distinguir clase de usuario de parte interesada
A8: M2 Consistencia | B8: 0.99 | C8: =Auditoria!F8 | D8: =Auditoria!G8 | E8: =C8-B8 | F8: Sin acción; los dos conflictos quedaron detectados, documentados y cerrados
A9: M3 Verificabilidad | B9: 0.393 | C9: =Auditoria!F9 | D9: =Auditoria!G9 | E9: =C9-B9 | F9: RES-06: 37 criterios reescritos en formato BDD, sin alterar valor, unidad ni método
A10: M4 Trazabilidad | B10: 1 | C10: =Auditoria!F11 | D10: =Auditoria!G11 | E10: =C10-B10 | F10: Los diagramas de flujo de datos aportan el eslabón de proceso que faltaba
A11: M5 Modificabilidad | B11: 2.2 | C11: =Auditoria!F13 | D11: =Auditoria!G13 | E11: =C11-B11 | F11: Sin acción; el valor ya estaba por debajo de la referencia
A12: M6 Corrección | B12: 0.11 | C12: =Auditoria!F14 | D12: =Auditoria!G14 | E12: =C12-B12 | F12: Sin acción posible sobre el producto; acción correctiva de proceso registrada
A14: Los tres saltos mayores —M1b, M1c y M3— comparten una causa: no medían un documento peor, medían ausencias que ninguna lectura detecta. Faltaban ocho casos de uso enteros que no aparecían en ninguna parte salvo en un diagrama; la métrica los detectó en una división.

Sheet Reinspeccion_M6
A1: DEFECTOS RESIDUALES DE LA RE-INSPECCIÓN
A2: Numerador de M6. Defectos que escaparon a la inspección formal de la Unidad IV y se detectaron al auditar el ERS ya corregido.
A4: N.º | B4: Sección afectada | C4: Tipo | D4: Descripción del defecto | E4: Estado
A5: DR-01 | B5: §8 del ERS | C5: Completitud | D5: Ausencia de los diagramas de flujo de datos: el eslabón de proceso de la trazabilidad no podía calcularse | E5: Corregido
A6: DR-02 | B6: §5.2 y Apéndice C | C6: Completitud | D6: Las historias de usuario de RF-36 y RF-37 se declaraban aplicadas en el informe de la PE4, pero el PDF publicado no las incorporaba | E6: Corregido
A7: DR-03 | B7: Apéndice D | C7: Consistencia | D7: Contradicción entre las 48 y las 52 filas declaradas para la matriz de trazabilidad en secciones distintas | E7: Corregido
A8: DR-04 | B8: §6 (cobertura MVP) | C8: Consistencia | D8: La cobertura del MVP no se recalculó con los dos denominadores declarados, corrección que el informe daba por aplicada | E8: Corregido
A9: DR-05 | B9: §2.3 | C9: Consistencia | D9: Clase de usuario y parte interesada se empleaban como sinónimos, lo que falseaba el denominador de la cobertura de actores | E9: Corregido
A10: DR-06 | B10: §4 (casos de uso) | C10: Completitud | D10: Ocho casos de uso identificados en el diagrama general carecían de especificación textual | E10: Corregido
A11: DR-07 | B11: §3.3 y Apéndice C | C11: Completitud | D11: RNF-19, incorporado por RFC-02, no se había clasificado en la tabla del Apéndice C | E11: Corregido
A12: TOTAL | B12: =COUNTA(A5:A11) | D12: Numerador de M6; alimenta Conteos_base!C23
A14: Seis de los siete son defectos de completitud o consistencia sobre el conjunto, no sobre un requisito aislado. Es exactamente donde la lista de verificación de la inspección de la Unidad IV no preguntaba: sus preguntas se dirigían a la corrección de cada elemento y no a la completitud del conjunto. De ahí que la acción correctiva sea ampliar esa lista y no reparar el documento.

Sheet Muestra_M5
A1: MUESTRA DE MODIFICABILIDAD (M5)
A2: Acoplamiento medido como número de requisitos que hay que revisar al modificar cada uno de la muestra.
A4: Requisito | B4: Prioridad MoSCoW | C4: Requisitos afectados | D4: Bloque funcional | E4: Requisitos que se propagan
A5: RF-28 | B5: Must | C5: 4 | D5: III — Registro operativo de campo | E5: RF-29 (consulta de avance), RF-37 (liquidación), RF-16 (desempeño), RF-41 (rectificación)
A6: RF-07 | B6: Must | C6: 3 | D6: V — Diagnóstico asistido por IA | E6: RF-09 (ficha técnica), RF-12 (alertas), RF-20 (histórico)
A7: RF-13 | B7: Must | C7: 2 | D7: IV — Polinización asistida | E7: RF-14 (conteo georreferenciado), RF-16 (desempeño)
A8: RF-17 | B8: Should | C8: 1 | D8: III — Registro operativo de campo | E8: RF-18 (estimación de producción)
A9: RF-34 | B9: Could | C9: 1 | D9: II — Planificación y seguimiento | E9: RF-26 (planificación semanal)
A10: TOTALES | B10: =COUNTA(A5:A9) | C10: =SUM(C5:C9) | D10: Tamaño de muestra y suma; alimentan M5
A11: M5 = | B11: =C10/B10 | D11: Acoplamiento medio; referencia ≤ 3,00
A13: La muestra combina bloques distintos y las tres prioridades MoSCoW, para no medir solo el núcleo del sistema. El requisito de mayor acoplamiento resulta ser RF-28, el registro de avance, del que dependen la liquidación, el indicador de desempeño y la rectificación: es consistente con que sea también el requisito con más casos de uso asociados. El valor se mantiene bajo porque la correspondencia uno a uno entre bloque funcional, módulo y proceso del DFD hace que un cambio se propague por una sola ruta.

Sheet Valoracion
A1: VALORACIÓN PONDERADA DE LA AUDITORÍA
A2: El aporte de cada métrica es peso × nivel. El total se expresa sobre 4,00.
A4: Métrica | B4: Peso | C4: Nivel (0–4) | D4: Aporte | E4: Criterio del nivel
A5: M1 Completitud | B5: 0.2 | C5: 4 | D5: =B5*C5 | E5: Cumple con evidencia completa tras la acción correctiva
A6: M2 Consistencia | B6: 0.15 | C6: 2 | D6: =B6*C6 | E6: Método declarado y resultado reportado (1 - 2/210); evidencia granular (hoja Conflictos_M2) no localizada en los artefactos disponibles
A7: M3 Verificabilidad | B7: 0.2 | C7: 4 | D7: =B7*C7 | E7: Cumple; 61 de 61 requisitos con criterio comprobable
A8: M4 Trazabilidad | B8: 0.2 | C8: 4 | D8: =B8*C8 | E8: Cumple en ambos sentidos sobre los 42 RF (denominador de esta métrica); los 19 RNF y 10 RD se verifican por otra vía, ver 04_Trazabilidad/readme.md
A9: M5 Modificabilidad | B9: 0.1 | C9: 4 | D9: =B9*C9 | E9: Cumple sobre muestra representativa de cinco requisitos
A10: M6 Corrección | B10: 0.15 | C10: 2 | D10: =B10*C10 | E10: Por debajo de la referencia, con acción correctiva de proceso aplicada
A11: TOTAL | B11: =SUM(B5:B10) | C11: — | D11: =SUM(D5:D10) | E11: Sobre 4,00
A13: El 3,40 sobre 4,00 se sostiene en cuatro métricas cumplidas y dos con limitación documentada (M2 y M6). La lectura honesta del conjunto no es que el ERS sea bueno, sino que el ERS es ahora medible: antes de esta unidad no existía un instrumento capaz de decir si lo era.
