Workbook

Sheet Matriz_E2E
A1: MATRIZ DE TRAZABILIDAD EXTREMO A EXTREMO — ERS SIMPA v1.1
A2: Cadena completa: Fuente → Requisito → Caso de uso → Clase/Módulo → Proceso DFD → Estado → Criterio BDD → Caso de prueba. Hacia atrás: columnas B y C. Hacia adelante: columnas G a M. La columna N declara el estado de la traza de cada fila.
A3: PROCEDENCIA. Columnas B–E, G y L: Tabla 69 del ERS (§5.4). Columna F: ficha del requisito en la §3.2. Columna H: §4 y cu_11_18.tex. Columna I: bloque funcional de la §3.2, con la correspondencia declarada en la Tabla del §8.6. Columna J: §8, diccionario de procesos. Columna K: diagramas de estados de la §4; se declara "No aplica" cuando el objeto del requisito carece de ciclo de vida modelado, que no es lo mismo que un vacío de trazabilidad. Columna M: CA-01 a CA-24 de las historias de usuario y CB-01 a CB-37 del Apéndice F.
A4: ALCANCE. Esta matriz traza extremo a extremo los 42 RF y los 18 requisitos de IA (RF-IA/RNF-IA), 60 de 60. Los 19 RNF y los 10 RD del catálogo se verifican por otra vía (criterios de aceptación y revisión directa contra el ERS, no fila a fila en esta matriz); de ellos, 6 RNF y 2 RD sí tienen fila aquí porque además intervienen en una cadena funcional. Este alcance fue una decisión de auditoría de PE5, no un vacío de trazabilidad.
A8: N.º | B8: Interesado (fuente) | C8: Evidencia | D8: Requisito | E8: Tipo | F8: Prioridad | G8: Caso de uso | H8: Historia | I8: Clase / Módulo | J8: Proceso DFD | K8: Estado (máquina de estados) | L8: Prototipo | M8: Criterio BDD | N8: Caso de prueba | O8: Estado de la traza
A9: 1 | B9: Administrador | C9: EV-01, EV-09 | D9: RF-01 | E9: RF | F9: Must | G9: CU-11 | H9: HU-01 | I9: M-01 | J9: P-01 | K9: No aplica | L9: MU-01 | M9: CA-01 | N9: CP-01 | O9: Completa
A10: 2 | B10: Administrador | C10: EV-01, EV-02 | D10: RF-02 | E10: RF | F10: Must | G10: CU-12 | H10: HU-02 | I10: M-01 | J10: P-01 | K10: No aplica | L10: MU-05 | M10: CA-02 | N10: CP-02 | O10: Completa
A11: 3 | B11: Administrador | C11: EV-01, EV-11 | D11: RF-03 | E11: RF | F11: Must | G11: CU-13 | H11: HU-03 | I11: M-01 | J11: P-01 | K11: No aplica | L11: — | M11: CA-03 | N11: CP-03 | O11: Completa
A12: 4 | B12: Trabajador | C12: EV-05, EV-06 | D12: RF-04 | E12: RF | F12: Must | G12: CU-04 | H12: HU-04 | I12: M-03 | J12: P-03 | K12: No aplica | L12: MU-04 | M12: CA-04 | N12: CP-04 | O12: Completa
A13: 5 | B13: Trabajador | C13: EV-11 | D13: RF-04 | E13: RF | F13: Must | G13: CU-04 | H13: HU-04 | I13: M-03 | J13: P-03 | K13: No aplica | L13: MU-04 | M13: CA-04 | N13: CP-04 | O13: Completa
A14: 6 | B14: Técnico fitosan. | C14: EV-01, EV-02 | D14: RF-05 | E14: RF | F14: Must | G14: CU-15 | H14: HU-05 | I14: M-03 | J14: P-03 | K14: Alerta: Abierta → En verificación | L14: MU-05 | M14: CA-05 | N14: CP-05 | O14: Completa
A15: 7 | B15: Administrador | C15: EV-01 | D15: RF-06 | E15: RF | F15: Should | G15: CU-12 | H15: — | I15: M-03 | J15: P-03 | K15: Racimo: En desarrollo | L15: MU-05 | M15: CB-01 | N15: CP-06 | O15: Completa
A16: 8 | B16: Asistente admin. | C16: EV-01, EV-02 | D16: RF-07 | E16: RF | F16: Must | G16: CU-01 | H16: HU-06 | I16: M-05 | J16: P-05 | K16: Alerta: Abierta → Notificada | L16: MU-03 | M16: CA-06 | N16: CP-07 | O16: Completa
A17: 9 | B17: Asistente admin. | C17: EV-07 | D17: RF-07 | E17: RF | F17: Must | G17: CU-01 | H17: HU-06 | I17: M-05 | J17: P-05 | K17: Alerta: Abierta → Notificada | L17: MU-03 | M17: CA-06 | N17: CP-07 | O17: Completa
A18: 10 | B18: Asesor técnico | C18: EV-02 | D18: RF-08 | E18: RF | F18: Must | G18: CU-02 | H18: HU-07 | I18: M-05 | J18: P-05 | K18: Alerta: Abierta → Notificada | L18: MU-03 | M18: CA-07 | N18: CP-08 | O18: Completa
A19: 11 | B19: Asesor técnico | C19: EV-04 | D19: RF-08 | E19: RF | F19: Must | G19: CU-02 | H19: HU-07 | I19: M-05 | J19: P-05 | K19: Alerta: Abierta → Notificada | L19: MU-03 | M19: CA-07 | N19: CP-08 | O19: Completa
... A63: 55 | B63: Administrador | C63: RL-06 | D63: RF-42 | E63: RF | F63: Must | G63: CU-13 | H63: HU-24 | I63: M-03 | J63: P-03 | K63: No aplica | L63: MU-02 | M63: CA-24 | N63: CP-55 | O63: Completa
A64: 56 | B64: Asist. admin. | C64: EV-02 | D64: RF-IA-01 | E64: RF-IA | F64: Must | G64: CU-01 | H64: — | I64: M-05 | J64: P-05 | K64: A: Abierta $\to$ Notificada | L64: MU-03 | M64: en ficha | N64: CP-56 | O64: Completa
A65: 57 | B65: Asist. admin. | C65: EV-02 | D65: RF-IA-02 | E65: RF-IA | F65: Must | G65: CU-01 | H65: — | I65: M-05 | J65: P-05 | K65: No aplica | L65: MU-03 | M65: en ficha | N65: CP-57 | O65: Completa
A66: 58 | B66: Admin. | C66: RNF-15 | D66: RF-IA-03 | E66: RF-IA | F66: Must | G66: CU-18 | H66: — | I66: M-05 | J66: P-05 | K66: A: $\to$ Descartada | L66: MU-03 | M66: en ficha | N66: CP-58 | O66: Completa
A67: 59 | B67: Téc. extr. | C67: EV-04 | D67: RF-IA-04 | E67: RF-IA | F67: Must | G67: CU-06 | H67: — | I67: M-06 | J67: P-06 | K67: R: En desarrollo $\to$ Maduro | L67: MU-03 | M67: en ficha | N67: CP-59 | O67: Completa
A68: 60 | B68: Téc. extr. | C68: EV-04 | D68: RF-IA-05 | E68: RF-IA | F68: Must | G68: CU-06 | H68: — | I68: M-06 | J68: P-06 | K68: R: Maduro $\to$ Cosechado | L68: MU-03 | M68: en ficha | N68: CP-60 | O68: Completa
A69: 61 | B69: Admin. | C69: EV-04 | D69: RF-IA-06 | E69: RF-IA | F69: Must | G69: CU-10 | H69: — | I69: M-06 | J69: P-06 | K69: R: Cosechado $\to$ Despachado | L69: MU-06 | M69: en ficha | N69: CP-61 | O69: Completa
A70: 62 | B70: Asist. admin. | C70: RNF-01 | D70: RNF-IA-01 | E70: RNF-IA | F70: Must | G70: CU-01 | H70: — | I70: M-05 | J70: P-05 (vía CU) | K70: No aplica | L70: No aplica | M70: en ficha | N70: CP-62 | O70: Completa
A71: 63 | B71: Asist. admin. | C71: RNF-02 | D71: RNF-IA-02 | E71: RNF-IA | F71: Must | G71: CU-01 | H71: — | I71: M-05 | J71: P-05 (vía CU) | K71: No aplica | L71: No aplica | M71: en ficha | N71: CP-63 | O71: Completa
A72: 64 | B72: Trabajador | C72: RNF-04 | D72: RNF-IA-03 | E72: RNF-IA | F72: Must | G72: CU-01 | H72: — | I72: M-05 | J72: P-05 (vía CU) | K72: No aplica | L72: No aplica | M72: en ficha | N72: CP-64 | O72: Completa
A73: 65 | B73: Admin. | C73: RD-01 | D73: RNF-IA-04 | E73: RNF-IA | F73: Must | G73: CU-01 | H73: — | I73: M-05 | J73: P-05 (vía CU) | K73: No aplica | L73: No aplica | M73: en ficha | N73: CP-65 | O73: Completa
A74: 66 | B74: Trabajador | C74: RD-01 | D74: RNF-IA-05 | E74: RNF-IA | F74: Must | G74: CU-01 | H74: — | I74: M-05 | J74: P-05 (vía CU) | K74: No aplica | L74: No aplica | M74: en ficha | N74: CP-66 | O74: Completa
A75: 67 | B75: Asist. admin. | C75: RNF-16 | D75: RNF-IA-06 | E75: RNF-IA | F75: Must | G75: CU-18 | H75: — | I75: M-05 | J75: P-05 (vía CU) | K75: No aplica | L75: MU-03 | M75: en ficha | N75: CP-67 | O75: Completa
... A81: 73 | B81: Admin. | C81: RNF-16 | D81: RNF-IA-12 | E81: RNF-IA | F81: Must | G81: CU-18 | H81: — | I81: M-06 | J81: P-06 (vía CU) | K81: No aplica | L81: MU-06 | M81: en ficha | N81: CP-73 | O81: Completa

Sheet Diagnostico
A1: DIAGNÓSTICO DE LA TRAZABILIDAD
A2: Calculado con fórmulas sobre la hoja Matriz_E2E. Los elementos huérfanos se reportan de forma explícita: un vacío declarado es un dato de la auditoría, no un defecto oculto.
A4: Filas de la matriz | B4: =COUNTA(Matriz_E2E!A9:A81)
A5: Trazas completas | B5: =COUNTIF(Matriz_E2E!$O$9:$O$81,"Completa")
A6: Trazas parciales | B6: =COUNTIF(Matriz_E2E!$O$9:$O$81,"Parcial")
A7: Trazas huérfanas | B7: =COUNTIF(Matriz_E2E!$O$9:$O$81,"Huérfana")
A8: % de trazas completas | B8: =IFERROR(B5/B4,0)
A9: Filas con estado modelado | B9: =COUNTA(Matriz_E2E!K9:K81)-COUNTIF(Matriz_E2E!K9:K81,"No aplica")
A10: Filas con criterio BDD | B10: =COUNTA(Matriz_E2E!M9:M81)-COUNTIF(Matriz_E2E!M9:M81,"—")-COUNTIF(Matriz_E2E!M9:M81,"No aplica (restricción)")
A11: Filas sin prototipo | B11: =COUNTIF(Matriz_E2E!L9:L81,"—")
A13: ELEMENTOS HUÉRFANOS Y VACÍOS DECLARADOS
A14: Elemento | B14: Eslabón ausente | C14: Justificación o acción
A15: RF-03, RF-27, RF-34 | B15: Prototipo de interfaz | C15: Los tres son de prioridad distinta de Must, por lo que el vacío no incumple la exigencia de prototipar las pantallas Must. Se declara y se difiere a la Entrega 4.
A16: RD-07, RD-10 | B16: Criterio de aceptación BDD | C16: Las restricciones de diseño no describen un comportamiento del sistema sino una condición impuesta sobre su construcción, de modo que no admiten criterio de aceptación en el mismo sentido. Se declaran como "No aplica (restricción)" y quedan fuera del denominador de la métrica M3, que audita requisitos funcionales y no funcionales.
A17: RNF y RD | B17: Proceso DFD propio | C17: Los requisitos no funcionales y las restricciones no realizan un proceso: lo condicionan. Se les asigna el proceso mayoritario de los RF que comparten su caso de uso, y la columna lo marca con "(vía CU)" para que la derivación sea visible y no se confunda con una asignación directa.
A18: 28 filas | B18: Estado de máquina de estados | C18: El ERS modela el ciclo de vida de dos entidades: el racimo y la alerta. Los requisitos cuyo objeto no es ninguna de las dos ---gestión de personal, planificación, reportes--- no tienen estado asociado, y la columna declara "No aplica". No es un vacío de trazabilidad sino la ausencia de un eslabón que no corresponde.

Sheet Sincronizacion
A1: SINCRONIZACIÓN ENTRE EL ERS Y EL TABLERO CASE
A2: Contraste cuantitativo entre lo especificado en el ERS y lo cargado en el tablero CASE. La columna «Inicial» recoge el estado al comenzar la Unidad V; la columna «Actual», el estado tras la sincronización del 21/08/2026 verificada sobre backlog_export.csv.
A6: Elemento | B6: En el ERS | C6: Tablero inicial | D6: Divergencia inicial | E6: Tablero actual | F6: Divergencia actual | G6: Estado
A7: Epics / bloques funcionales | B7: 10 | C7: 7 | D7: =B7-C7 | E7: 10 | F7: =MAX(0,B7-E7) | G7: =IF(F7=0,"Cerrado","Pendiente") | H7: Se añadieron los dos epics de componentes de IA y el de requisitos no funcionales.
A8: Stories / requisitos | B8: 79 | C8: 39 | D8: =B8-C8 | E8: 79 | F8: =MAX(0,B8-E8) | G8: =IF(F8=0,"Cerrado","Pendiente") | H8: Se cargaron RF-40 a RF-42 (RFC-03), RF-IA-01 a RF-IA-06, RNF-IA-01 a RNF-IA-12 y RNF-01 a RNF-19.
A9: Sub-tasks / criterios de aceptación | B9: 79 | C9: 38 | D9: =B9-C9 | E9: 86 | F9: =MAX(0,B9-E9) | G9: =IF(F9=0,"Cerrado","Pendiente") | H9: Se cargaron los 37 criterios CB del Apéndice F y los 24 criterios CA. Las 25 sub-tareas restantes son tareas de verificación creadas por el equipo, no previstas en el ERS.
A10: Historias de usuario | B10: 24 | C10: 19 | D10: =B10-C10 | E10: 24 | F10: =MAX(0,B10-E10) | G10: =IF(F10=0,"Cerrado","Pendiente") | H10: Se cargaron HU-20 a HU-24, incorporadas por RFC-01 y RFC-03.
A11: Filas de trazabilidad | B11: 73 | C11: 52 | D11: =B11-C11 | E11: 73 | F11: =MAX(0,B11-E11) | G11: =IF(F11=0,"Cerrado","Pendiente") | H11: Reexportadas tras las altas anteriores; la matriz y el tablero coinciden.
A13: Índice declarado en la PE4 (histórico) | B13: 0.671 | H13: Cifra publicada al comenzar la Unidad V. Se calculó sobre un denominador incompleto: no contabilizaba los 19 RNF ni los 12 RNF-IA como elementos que el ERS especifica, porque en ese momento no se había detectado que faltaban del tablero. Se conserva por trazabilidad con el informe.
A14: Índice inicial recalculado | B14: =1-SUM(D7:D11)/SUM(B7:B11) | H14: Mismo estado del tablero, denominador completo. El punto de partida real era peor que el declarado: el hallazgo de que los RNF no estaban cargados amplió el denominador de 48 a 79 stories.
A15: Índice de sincronización actual | B15: =1-SUM(F7:F11)/SUM(B7:B11) | H15: Estado tras la sincronización. Verificado sobre la exportación del tablero: todo elemento especificado en el ERS tiene su correspondencia en el tablero CASE.
